<?xml version="1.0" encoding="UTF-8" standalone="no"?>
<!-- Generated Mar 28, 2024, 1:03:58 AM by Hibernate Tools 6.3.1.Final --><!DOCTYPE hibernate-mapping PUBLIC "-//Hibernate/Hibernate Mapping DTD 3.0//EN" "http://www.hibernate.org/dtd/hibernate-mapping-3.0.dtd">
<hibernate-mapping>
    <class catalog="soa" name="project.projectsoa.Custume" optimistic-lock="none" table="custume">
        <id name="costumeId" type="java.lang.Integer">
            <column name="costume_id"/>
            <generator class="identity"/>
        </id>
        <many-to-one class="project.projectsoa.Custumetype" fetch="select" name="custumetype">
            <column name="type_id"/>
        </many-to-one>
        <property name="costumeName" type="string">
            <column length="255" name="costume_name"/>
        </property>
        <property name="status" type="string">
            <column length="255" name="status"/>
        </property>
        <set fetch="select" inverse="true" lazy="true" name="rentaldetails" table="rentaldetail">
            <key>
                <column name="costume_id"/>
            </key>
            <one-to-many class="project.projectsoa.Rentaldetail"/>
        </set>
    </class>
</hibernate-mapping>
