<?xml version="1.0" encoding="UTF-8" standalone="no"?>
<!-- Generated Mar 28, 2024, 1:03:58 AM by Hibernate Tools 6.3.1.Final --><!DOCTYPE hibernate-mapping PUBLIC "-//Hibernate/Hibernate Mapping DTD 3.0//EN" "http://www.hibernate.org/dtd/hibernate-mapping-3.0.dtd">
<hibernate-mapping>
    <class catalog="soa" name="project.projectsoa.Custumetype" optimistic-lock="none" table="custumetype">
        <id name="typeId" type="java.lang.Integer">
            <column name="type_id"/>
            <generator class="identity"/>
        </id>
        <property name="typename" type="string">
            <column length="255" name="typename"/>
        </property>
        <set fetch="select" inverse="true" lazy="true" name="custumes" table="custume">
            <key>
                <column name="type_id"/>
            </key>
            <one-to-many class="project.projectsoa.Custume"/>
        </set>
    </class>
</hibernate-mapping>
