<?xml version="1.0" encoding="UTF-8" standalone="no"?>
<!-- Generated Mar 24, 2024, 6:41:09 AM by Hibernate Tools 6.3.1.Final --><!DOCTYPE hibernate-mapping PUBLIC "-//Hibernate/Hibernate Mapping DTD 3.0//EN" "http://www.hibernate.org/dtd/hibernate-mapping-3.0.dtd">
<hibernate-mapping>
    <class catalog="soa" name="project.projectsoa.Rentaldetail" optimistic-lock="none" table="rentaldetail">
        <id name="rdId" type="java.lang.Integer">
            <column name="rd_ID"/>
            <generator class="identity"/>
        </id>
        <many-to-one class="project.projectsoa.Costume" fetch="select" name="costume">
            <column name="costomeID" not-null="true"/>
        </many-to-one>
        <many-to-one class="project.projectsoa.Rental" fetch="select" name="rental">
            <column name="rental_ID" not-null="true"/>
        </many-to-one>
    </class>
</hibernate-mapping>
