<?xml version="1.0" encoding="UTF-8" standalone="no"?>
<!-- Generated Mar 28, 2024, 1:03:58 AM by Hibernate Tools 6.3.1.Final --><!DOCTYPE hibernate-mapping PUBLIC "-//Hibernate/Hibernate Mapping DTD 3.0//EN" "http://www.hibernate.org/dtd/hibernate-mapping-3.0.dtd">
<hibernate-mapping>
    <class catalog="soa" name="project.projectsoa.Users" optimistic-lock="none" table="users">
        <id name="cusId" type="java.lang.Integer">
            <column name="cus_id"/>
            <generator class="identity"/>
        </id>
        <property name="address" type="string">
            <column length="255" name="address"/>
        </property>
        <property name="fullName" type="string">
            <column length="255" name="full_name"/>
        </property>
        <property name="pwd" type="string">
            <column length="255" name="pwd"/>
        </property>
        <property name="userName" type="string">
            <column length="255" name="user_name"/>
        </property>
        <property name="userRole" type="string">
            <column length="255" name="user_role"/>
        </property>
        <set fetch="select" inverse="true" lazy="true" name="rentalsForEmpId" table="rental">
            <key>
                <column name="emp_id"/>
            </key>
            <one-to-many class="project.projectsoa.Rental"/>
        </set>
        <set fetch="select" inverse="true" lazy="true" name="rentalsForCusId" table="rental">
            <key>
                <column name="cus_id"/>
            </key>
            <one-to-many class="project.projectsoa.Rental"/>
        </set>
    </class>
</hibernate-mapping>
